GLCM_Contrast,GLCM_Homogeneity,GLCM_Energy,GLCM_Correlation,HSV_H_Mean,HSV_S_Mean,HSV_V_Mean
56.585730211817165,0.3676197690122762,0.12141242106794524,0.985897108732778,67.50508888888889,100.41912222222223,107.85561111111112
52.981337792642144,0.3557717937296275,0.07045498882071984,0.984654118906897,75.07845555555555,105.65683333333334,112.18728888888889
46.47521739130435,0.31305296539312844,0.026502357298234986,0.9798978687026428,83.02197777777778,107.18924444444444,120.83802222222222
46.54510590858417,0.31353532546379687,0.02654070760597106,0.9798632208287776,82.33432222222223,107.01602222222222,120.83078888888889
148.04108138238573,0.22455334224916496,0.017777603779369704,0.9669142839389782,98.80725555555556,65.52277777777778,121.40775555555555
132.18474916387956,0.26811441077253506,0.06518886645242988,0.9777968721272957,91.90034444444444,64.59061111111112,113.17703333333333
112.20774804905237,0.3063392812983555,0.11456847034830224,0.9832613211922304,87.04273333333333,63.90571111111111,108.68112222222223
148.59810479375693,0.22390805252924628,0.017749694606716705,0.966793169796695,99.19844444444445,65.5710111111111,121.39244444444445
148.48169453734673,0.22362695449705505,0.01779216190610435,0.9668179777758094,99.18913333333333,65.70074444444444,121.43016666666666
18.423701226309923,0.6646258057072045,0.12998100802225,0.9950536437586935,23.110877777777777,149.72072222222224,142.5268
4.961404682274248,0.6575175146325318,0.08008570071347426,0.9958575730824277,23.2959,166.91394444444444,172.21006666666668
5.041683389074693,0.6594670733966751,0.08030950687599574,0.9957910217234497,23.050844444444444,166.9685,172.24728888888887
30.187346711259753,0.6601937370039017,0.08067096310041402,0.9874435772667561,23.419855555555557,162.2520888888889,160.2186111111111
44.420301003344484,0.33021357702330734,0.02653694122278489,0.9860619477421417,81.20813333333334,94.14233333333334,108.32442222222222
44.60579710144927,0.32991876576152845,0.026439744750745238,0.98599324511825,82.04412222222223,94.2807,108.34765555555556
44.80315496098105,0.3319056927423462,0.026580871752468784,0.985940833910015,81.903,93.97072222222222,108.30443333333334
42.17770345596433,0.355773528616946,0.09742728424973973,0.9904256025183371,71.86205555555556,88.38511111111112,97.9961111111111
46.450680044593085,0.3772295070355884,0.09359898643856232,0.9894324177538864,73.43265555555556,90.03942222222223,98.03582222222222
49.140423634336685,0.21209219051431466,0.021929071878229154,0.9874349571228216,19.70456666666667,86.92402222222222,168.9041777777778
73.50628762541805,0.30154700897819764,0.08483211206789942,0.9895495339849947,17.656311111111112,82.5469,158.40826666666666
69.3863099219621,0.32160145127114376,0.10667020607944536,0.9910578327025296,16.63722222222222,82.39784444444444,156.0257777777778
48.86423634336678,0.2116092475952914,0.021962240179709155,0.9875084110180199,19.320333333333334,86.83254444444445,168.9141111111111
121.23584169453734,0.17231430171700843,0.013407265301783261,0.9838949739328098,49.19844444444445,85.4866,164.94317777777778
120.19040133779264,0.2619352323403014,0.08320870163241591,0.9890797023092053,50.05661111111111,82.01856666666667,149.9098
111.69402452619845,0.2858782754067314,0.12303052504855266,0.9907502800725981,49.29688888888889,74.04603333333333,144.91008888888888
121.00806020066891,0.17296405480977314,0.013434484217269825,0.9839159471836562,49.264744444444446,85.54894444444444,164.98788888888888
132.84032329988852,0.14010431817094057,0.01338841794105772,0.9746544265349446,52.79046666666667,77.0279,149.4184
152.760602006689,0.24362642922888267,0.10192045291469198,0.9804055998497341,44.00098888888889,76.29183333333333,126.56994444444445
121.18108138238573,0.28219785406226416,0.13344918774371164,0.9851752884288003,40.742177777777776,75.75545555555556,121.27935555555555
133.3005685618729,0.14089046762994967,0.013406727636973882,0.9745719361160683,53.051944444444445,77.0604,149.42747777777777
75.5248717948718,0.32803491106443905,0.08494318049369692,0.9896912796013371,32.5882,83.17752222222222,152.4887
36.98270903010033,0.2779355913660655,0.025798497354385413,0.9885306018294004,37.01187777777778,82.8743,169.64046666666667
63.42056856187289,0.36705078066603475,0.12370196326316339,0.9925837446807684,29.13391111111111,78.90397777777778,146.95782222222223
37.03439241917503,0.27725412783744074,0.02570513168027511,0.9885153959252183,36.561033333333334,82.8043111111111,169.66544444444443
34.591449275362315,0.3751669692827064,0.030493166218955196,0.9832850646192873,10.206233333333333,160.48825555555555,159.04584444444444
38.99401337792642,0.42351803397335847,0.13139421433261234,0.9906599813648791,10.422055555555556,156.19674444444445,131.67815555555555
34.374437012263094,0.37725779348727845,0.03046712195950001,0.9833993376672754,10.17528888888889,160.53758888888888,159.05692222222223
38.114570791527306,0.4124966696358725,0.1199203883520676,0.9906787129710727,10.09448888888889,156.96162222222222,133.52751111111112
12.114526198439245,0.5036795896115577,0.039523533124708264,0.9936899635539072,10.205066666666667,157.85924444444444,159.26907777777777
12.175239687848384,0.5070478353632191,0.03974558090330638,0.993662405371239,10.456877777777779,157.93107777777777,159.23314444444443
32.7298773690078,0.49812316516463856,0.06702697809290527,0.9899753396680521,10.349166666666667,160.8268,145.0681111111111
12.068929765886288,0.501527432168559,0.03932870837067679,0.9937148838122519,10.500277777777777,157.8810222222222,159.25503333333333
32.308093645484945,0.5025378009550816,0.09265401342204097,0.991170492634845,10.380644444444444,158.93756666666667,139.94476666666668
77.81587513935341,0.40700665471024433,0.12341651046371048,0.9934981589656532,71.4242888888889,84.5683,139.66396666666665
46.1569453734671,0.33633506877704256,0.021769702369084865,0.9950108373198787,77.89036666666667,90.99466666666666,167.45756666666668
46.59212931995539,0.33508721601167973,0.021739406281301662,0.9949621837418736,77.94117777777778,90.8751,167.41102222222221
70.28128205128205,0.41982520248705446,0.13702839902334937,0.9941401563387178,70.17972222222222,83.28282222222222,137.42074444444444
81.14277591973243,0.31012246237356655,0.0406020334729687,0.987754445648805,70.9317,98.84293333333333,127.18005555555555
45.20161649944258,0.30299790960923073,0.02040435156325233,0.9922835693035845,72.20056666666666,97.94418888888889,135.2417
71.59304347826088,0.3587269524897434,0.13891139936569716,0.9906787882172258,65.36474444444444,93.46841111111111,110.04012222222222
44.33606465997771,0.30441724029635425,0.020344706078470456,0.9924324831863718,72.57327777777778,97.82776666666666,135.2111888888889
44.53232998885172,0.30330136186921985,0.02033430758425073,0.9923987991985898,72.27924444444444,97.74873333333333,135.1857
65.20473801560757,0.4010082512985728,0.10687202951507867,0.9922827471880316,76.83525555555556,94.8198,108.26143333333333
54.73486064659978,0.42553103520442903,0.13681228233806936,0.9936292553879439,75.64787777777778,91.46167777777778,103.25852222222223
34.56641025641025,0.33402494028311336,0.028789281988076617,0.99570280534719,82.87348888888889,107.54355555555556,127.26904444444445
34.601471571906345,0.33513227382149685,0.028351865140667905,0.9956993700888764,82.47574444444444,107.30065555555555,127.20266666666667
66.83371237458194,0.28601200965264983,0.02528760357170367,0.9814867192755615,18.91282222222222,177.98954444444445,200.71733333333333
70.74644370122631,0.36437335464139115,0.11926674864174622,0.9907860468668984,20.413222222222224,161.8911,170.02256666666668
78.7061984392419,0.36501396163734623,0.09454116866393493,0.9885622080413652,20.15673333333333,164.75205555555556,176.72312222222223
65.80332218506132,0.2878177649100326,0.025411107470927414,0.9817708227926053,18.43161111111111,178.07332222222223,200.717
150.34344481605345,0.2581888224346119,0.12310575449348217,0.9793333654066204,19.123066666666666,92.17496666666666,133.24946666666668
179.99623188405798,0.20998524374869926,0.07359345142410441,0.9705464553802258,20.742755555555554,94.95977777777777,141.6254888888889
214.1547380156076,0.15216637936132438,0.01605252265316918,0.9315667429247524,23.43018888888889,98.41223333333333,161.40488888888888
213.24036789297656,0.14910691511262503,0.01614083074624808,0.9318374208886233,23.620466666666665,98.40105555555556,161.35193333333333
213.1271906354515,0.1505489994227793,0.016108213426930185,0.9319012246871404,23.406755555555556,98.36784444444444,161.37284444444444
74.62439241917502,0.25407947331354896,0.02206323868496103,0.9819510751734155,69.42282222222222,117.36086666666667,134.42822222222222
74.81322185061315,0.2516843437024734,0.02159956773372899,0.9819044635616697,69.45085555555555,117.50668888888889,134.41785555555555
74.87838350055742,0.2520057441850914,0.021923399350388614,0.9818904121808263,68.71295555555555,117.53764444444444,134.4843888888889
73.14035674470456,0.34494890603568185,0.12237267716190975,0.9870123898976325,56.64896666666667,110.08816666666667,119.0895
68.76721293199553,0.3561947190367543,0.1383977185215696,0.9880558161057429,52.97226666666667,108.33184444444444,117.85184444444444
78.87091415830545,0.25802676697184285,0.0210030441743603,0.9803231075085037,83.60538888888888,31.725122222222222,116.59428888888888
78.53192865105909,0.2598793224871459,0.02128174906771224,0.9803908617767584,82.56134444444444,31.751833333333334,116.60353333333333
75.42721293199554,0.33331512266518754,0.13929245244670738,0.9888791672681635,66.28288888888889,26.268522222222224,103.3811
78.25566332218507,0.329898191119852,0.13448585947298863,0.9882801361283831,67.66028888888889,27.183411111111113,103.91137777777777
65.79942028985506,0.5256143445390722,0.13037314049055432,0.9936218972334854,83.99214444444445,55.465155555555555,106.06561111111111
46.60234113712374,0.4377114271064513,0.03298261259268998,0.9940837562778114,99.67336666666667,58.45982222222222,124.5836
70.00278706800447,0.4555785020452825,0.03417190972166969,0.9913618123908488,98.61896666666667,60.714644444444446,122.85187777777777
46.220992196209586,0.44335532055503296,0.03313425299018202,0.9941334805753204,100.12982222222222,58.1667,124.47534444444445
46.517112597547374,0.4444936218303179,0.033394764666308335,0.9940957216738879,98.30932222222222,58.3434,124.52486666666667
62.31964325529541,0.3015298554443854,0.029819677157272628,0.9820369354947591,87.42108888888889,60.38058888888889,78.6172888888889
61.721884057971,0.2954001017346086,0.03013404631838146,0.9818788644372967,88.67985555555556,58.056955555555554,79.46331111111111
58.38476031215161,0.36225997631360546,0.09915138008770526,0.9860144463514866,77.98646666666667,54.507533333333335,71.77385555555556
49.02924191750279,0.3205431303706472,0.09346247047158104,0.980171469762495,68.11056666666667,38.19907777777778,82.05365555555555
52.405986622073584,0.2837166262198417,0.04308241391453228,0.9709669620555123,73.24674444444445,41.05113333333333,86.4949
54.431125975473805,0.24611277295312248,0.0263270013814946,0.9533760992841511,74.8988,39.195211111111114,90.77112222222222
54.04865105908585,0.24784123517376264,0.02651124718253926,0.9537108132219871,74.97747777777778,39.46908888888889,90.79637777777778
79.4239353400223,0.3255212607852308,0.10268734537203181,0.9866644237698015,68.6562,60.449688888888886,103.62016666666666
89.96325529542919,0.2606189706656086,0.021485333528438032,0.9787348838350942,78.21925555555555,62.23967777777778,112.74562222222222
89.48859531772575,0.26127428019568305,0.02150922797582104,0.9788579695007442,78.5513111111111,62.55707777777778,112.79132222222222
81.62585284280937,0.30890670612054427,0.09565912054149076,0.9858112921205782,71.2734,57.465088888888886,104.5392
52.60472686733557,0.3158838373034314,0.029250760829741082,0.9820464074128257,83.36696666666667,60.418977777777776,79.3706
37.49972129319955,0.3945911926727792,0.1465242466855701,0.9905578060262636,69.25978888888889,49.09991111111111,71.12553333333334
43.93996655518395,0.3808210257521019,0.13076475950389757,0.9887326100540639,70.7666,49.69822222222222,71.48523333333333
102.12566332218505,0.21329802397834913,0.016428704685920087,0.9846107418291425,50.40452222222222,65.72893333333333,151.70756666666668
86.01530657748049,0.2010003198563021,0.014826864397968669,0.9859185730863493,51.83211111111111,63.22932222222222,154.13585555555557
104.89573021181718,0.20968900903160423,0.015128876720694791,0.9832655243614733,51.28613333333333,64.38186666666667,153.17344444444444
85.79108138238574,0.20060788157669135,0.014908624642636403,0.9859517330864674,51.91131111111111,63.234522222222225,154.16243333333333
107.62283166109253,0.2896505737681174,0.05396283615549087,0.9796955422909764,71.2910888888889,76.35825555555556,94.66701111111111
126.9814938684504,0.26927498624559054,0.028614610983993472,0.9737635166302034,75.86054444444444,75.95838888888889,97.60356666666667
126.706254180602,0.26973698694538173,0.02872393120276144,0.9737911087839689,74.82253333333334,75.84661111111112,97.55682222222222
79.13110367892978,0.3431820308830351,0.14578205779433548,0.987003012048149,60.336977777777776,69.57757777777778,89.64382222222223
151.70784838350053,0.20404214732066686,0.016716780918713606,0.9661910828819197,91.32738888888889,32.326166666666666,129.88565555555556
116.13885172798217,0.2904353862558555,0.13084378936319654,0.9847309011459592,77.39082222222223,27.4355,116.57611111111112
99.19351170568562,0.30373426081772953,0.13987579876038933,0.9874041662305466,76.1168888888889,27.414466666666666,114.7918
152.55170568561869,0.2022434925076858,0.016536703910776152,0.9660230742151532,90.81194444444445,32.2686,129.85171111111111
83.38539576365663,0.2767577016051378,0.02247521361794928,0.9744530550961787,83.12536666666666,108.34244444444444,125.05882222222222
83.55509476031214,0.2750845552382476,0.02241772947558417,0.9743849803974124,82.9963,108.54342222222222,125.03158888888889
79.7366889632107,0.3336346834350656,0.1025451463263575,0.9829513932732882,70.11682222222223,103.60568888888889,115.23555555555555
83.21645484949832,0.27582280788440827,0.022440063456114667,0.9744767861104998,84.94078888888889,108.2797,125.02983333333333
78.50489409141584,0.33465973995084897,0.1053071404395778,0.9833279448834609,69.14105555555555,103.24673333333334,114.96274444444444
30.81558528428094,0.32572346805809155,0.025961571822556477,0.9945091817629254,83.2861,92.7564,164.29326666666665
30.283444816053514,0.3251733240813893,0.025639598137763453,0.9946062135623077,82.37444444444445,92.67767777777777,164.27033333333333
39.22969899665552,0.40678337593761343,0.12658964246089244,0.9959477290851414,70.76091111111111,81.58521111111111,143.77427777777777
30.587268673355624,0.3260268712851899,0.02568953048762053,0.9945499246769334,82.1881,92.76222222222222,164.28323333333333
41.971772575250824,0.39028347428311244,0.09648209397566607,0.9953565476863099,74.27714444444445,85.14186666666667,147.4908111111111
93.07130434782609,0.2390116077324697,0.017001028930462687,0.9893237216158504,47.153977777777776,98.96647777777778,176.3882
86.00088071348941,0.3708694661135824,0.13966068662140896,0.9933878981520463,39.57646666666667,90.37463333333334,157.20795555555554
92.91855072463767,0.23741135498798885,0.016964602494110984,0.9893399257630087,47.591766666666665,98.74092222222222,176.355
93.08916387959867,0.24000177498826517,0.017059034697408246,0.9893211775079125,46.91138888888889,99.14817777777778,176.37904444444445
91.4601895206243,0.37219355600939524,0.1411701600642262,0.992964343501363,39.85706666666667,90.9143888888889,157.3935111111111
140.79743589743586,0.19123119983824816,0.01730432505837303,0.9595024455505082,63.967822222222225,74.14934444444444,185.74241111111112
141.0522630992196,0.19300994577488537,0.01730517613393421,0.9594517042352382,63.169466666666665,74.10644444444445,185.7429888888889
54.882931995540694,0.2993959043795267,0.024342860158556197,0.9912108595188771,80.84997777777778,72.99687777777778,163.48334444444444
105.68828316610927,0.22607125963517516,0.0193370642566552,0.9829629108036236,80.3484111111111,72.53636666666667,163.81076666666667
105.6238238573021,0.22455752005623575,0.019288770722250187,0.9829667421836041,80.33357777777778,72.59164444444444,163.74083333333334
59.53325529542922,0.1882607189987179,0.022505488366631975,0.9700157095042496,15.733133333333333,102.90384444444445,178.89412222222222
102.26191750278707,0.18930865427385984,0.022358022822370757,0.9523232515796343,15.479677777777777,103.70401111111111,178.07412222222223
59.89911928651059,0.18823352636709212,0.022461275522791653,0.9698410330777493,15.576633333333334,102.95476666666667,178.91024444444446
64.07362318840579,0.3565914457782126,0.03359765245570158,0.9681124282968319,15.400433333333334,103.30324444444445,178.5695
224.07636566332212,0.19162271342841297,0.017633262765858762,0.9492171744655514,100.33732222222223,50.708911111111114,124.03163333333333
223.55156075808253,0.19084034216812493,0.01763341958913361,0.9493122554921001,99.9444,50.98338888888889,124.07757777777778
223.55156075808253,0.19084034216812493,0.01763341958913361,0.9493122554921001,99.9444,50.98338888888889,124.07757777777778
224.60632107023406,0.19248458295911197,0.017755794081022173,0.949062977167654,101.41428888888889,50.934866666666665,124.12245555555556
149.9140022296544,0.28008374641683587,0.02561862236831491,0.9714619025152923,103.39753333333333,50.207877777777774,91.43616666666667
138.39005574136004,0.28280398602965623,0.026314940567777556,0.9734518905809472,102.31024444444445,49.31301111111111,92.02118888888889
137.97465997770342,0.2836840604362494,0.026053892137094414,0.9735336017939151,103.01003333333334,49.350411111111114,92.01033333333334
94.76545150501673,0.27532160178832155,0.02511574926294928,0.9750148163969318,71.63203333333334,85.22498888888889,136.5097888888889
60.80229654403567,0.27647224402284426,0.025450236582286595,0.9836401128002403,71.00881111111111,84.4278,137.36343333333335
59.35351170568563,0.34023551352992404,0.02965489811072863,0.9841187353163992,71.85073333333334,84.82204444444444,137.04897777777776
61.226399108138224,0.27846635296322914,0.025521672195913392,0.9835286322932684,71.78138888888888,84.6239,137.36572222222222
60.95789297658862,0.2769415446498244,0.025290047346867392,0.983600826246969,71.57657777777777,84.53771111111111,137.32754444444444
38.01899665551839,0.3245612955269875,0.022429609898870474,0.9945693055870972,78.11045555555556,69.67583333333333,181.00423333333333
33.45457079152732,0.3755104855292294,0.024438886341893788,0.9952778491790734,78.74897777777778,70.18067777777777,180.60764444444445
38.00438127090301,0.3247137509136981,0.022518565716396488,0.9945716140437689,79.38704444444444,69.5539888888889,180.9507888888889
38.34938684503903,0.32595243221828957,0.02236628585410248,0.9945243872166338,78.8391,69.78397777777778,181.00812222222223
100.74027870680045,0.2622555125639221,0.022041516696784953,0.9836054589325457,98.68475555555555,62.486755555555554,119.97801111111112
100.44686733556301,0.2634454725897934,0.022099400175774386,0.9836520570467003,97.36456666666666,62.452555555555556,119.87824444444445
100.74027870680045,0.2622555125639221,0.022041516696784953,0.9836054589325457,98.68475555555555,62.486755555555554,119.97801111111112
101.04489409141583,0.2630641295419664,0.02190383111578081,0.9835488237610421,98.37446666666666,62.3567,119.92276666666666
59.7421293199554,0.2998630603255124,0.027312098125309638,0.9863009938127375,99.85105555555556,56.30985555555556,101.23166666666667
59.79031215161649,0.2986014357978636,0.02715996383246235,0.9862921542668468,99.36747777777778,56.09762222222222,101.19318888888888
60.19294314381271,0.3023178758134598,0.027959267239178513,0.9862047089020192,97.96381111111111,56.36017777777778,101.23657777777778
48.27915273132665,0.30240792410176975,0.021975669087742955,0.9897361632351143,114.54245555555555,119.12073333333333,156.79992222222222
47.980401337792635,0.29680541100319946,0.021788920485228937,0.9897934452261812,115.07832222222223,119.03771111111111,156.74661111111112
48.16434782608697,0.29639532231331195,0.021688720388460644,0.9897603049726952,113.64037777777777,119.0478,156.7524
121.16812709030101,0.21636672222396247,0.01716002274371949,0.9812274696922322,120.62496666666667,117.81377777777777,173.69405555555556
120.68947603121515,0.2160277616512566,0.017126383895405394,0.9812991535563538,120.33673333333333,117.82888888888888,173.64524444444444
120.8447491638796,0.21330328423412048,0.017090431902318935,0.9812809022297606,120.65814444444445,117.7898111111111,173.6842
73.73721293199554,0.2865582744823291,0.02877899484479584,0.9846195065215172,125.46533333333333,85.34451111111112,99.32412222222223
73.52216276477147,0.28638396236944563,0.027757105265621234,0.9846627246270314,125.80513333333333,85.20602222222222,99.30194444444444
73.30982162764772,0.2859008382459685,0.028502044937579477,0.9847179466225686,125.99713333333334,85.12465555555555,99.32197777777778
89.06710144927536,0.23108296819861274,0.019038477654570393,0.9775931287097996,55.42462222222222,143.60594444444445,144.59897777777778
88.73490523968783,0.22958899723456574,0.01893645826236829,0.9776860501555178,54.94008888888889,143.68394444444445,144.6462111111111
89.11998885172797,0.23062111796364598,0.018982151994281844,0.977602662295469,54.86754444444444,143.77195555555556,144.69282222222222
121.37254180602005,0.2701939679759372,0.025088919294849903,0.9689608112082775,106.71927777777778,69.02864444444444,98.90345555555555
121.75673355629877,0.2680276530350183,0.02517997346176536,0.9688675358663579,107.11302222222223,68.90444444444445,98.87318888888889
121.53723522853953,0.2710947961426274,0.025332584527706713,0.9689147051000757,106.70493333333333,68.85515555555556,98.85262222222222
192.3692753623188,0.20710616308565752,0.01658647463867062,0.9640666189461854,98.49763333333334,68.83916666666667,118.94898888888889
215.15541806020065,0.20224873007620797,0.016074200096760957,0.9603336386223708,99.7466,69.52433333333333,118.3375
192.3388071348941,0.20251604516800992,0.016318261983426643,0.9640904258142912,98.9477,68.76255555555555,118.89264444444444
51.513199554069125,0.2969749683109952,0.02310901263637967,0.9863241073435353,75.94447777777778,71.92885555555556,129.89043333333333
73.92282051282051,0.2602167621056653,0.021100148053789413,0.9802723178666178,75.22953333333334,71.55674444444445,130.1292777777778
73.94220735785954,0.2579059848175339,0.021060595142065538,0.9802709160491497,75.88386666666666,71.62544444444444,130.14444444444445
162.91743589743587,0.2215601377715777,0.019966505387024457,0.9748211434718375,22.787977777777776,107.37383333333334,136.67962222222224
162.91743589743587,0.2215601377715777,0.019966505387024457,0.9748211434718375,22.787977777777776,107.37383333333334,136.67962222222224
162.85671125975472,0.22307491899286522,0.020174577887472334,0.9748352036734361,22.14941111111111,107.2368,136.68051111111112
189.15558528428096,0.2208433878377927,0.019656327388075368,0.9711167992884039,22.836744444444445,107.92441111111111,136.12312222222224
154.53403567447046,0.23307135589215447,0.019971725607168922,0.9629353359001003,96.29593333333334,31.401744444444443,98.7065
154.8457525083612,0.2328786733397,0.019978599279166603,0.9628410184633593,94.44983333333333,31.288644444444444,98.64027777777778
132.2878260869565,0.2430108203644119,0.019785527480546763,0.9664194537974233,87.10004444444445,122.14336666666667,144.93532222222223
132.5376700111483,0.24371291408287724,0.019733362599667056,0.9663728041560491,88.93711111111111,122.1866888888889,144.90815555555557
49.76791527313267,0.2641533601352654,0.02076114924293262,0.9872367864255909,90.13212222222222,116.05497777777778,184.42193333333333
49.86490523968784,0.2673878309448641,0.02083626355682698,0.9872128121675539,90.9032111111111,116.16025555555555,184.47064444444445
49.83133779264214,0.2660901492385377,0.020683184501418036,0.9872114125148359,91.35513333333333,116.05264444444444,184.43712222222223
94.94410256410254,0.22413233876863603,0.019168170781401428,0.9647844668036325,48.41598888888889,75.75013333333334,155.39206666666666
94.82749163879598,0.22700070793438554,0.019165152301243202,0.964831800359049,48.442277777777775,75.78753333333333,155.39574444444443
99.46235228539572,0.30315884806687843,0.11130990898210989,0.9811809153144396,38.0452,77.58538888888889,129.43823333333333
109.38017837235229,0.2911040660600607,0.10276050792590403,0.9791929638702629,39.23954444444445,74.87965555555556,131.99463333333333
89.42181716833892,0.2403402064578993,0.02332488670880948,0.961424516984299,28.055255555555554,169.7940111111111,160.33762222222222
88.9819175027871,0.24167542793444324,0.023404791505180274,0.9616157315418633,28.164255555555556,169.81315555555557,160.36945555555556
75.96237458193981,0.31393483779239373,0.07423237841704317,0.9823807941679314,23.247711111111112,163.3779,146.87056666666666
88.91072463768117,0.24109287659930362,0.023394565821540418,0.9616514582323981,27.91,169.91621111111112,160.33353333333332
86.77266443701227,0.32210339639823937,0.09566432482273092,0.9816215056797242,23.555522222222223,157.70971111111112,144.04202222222222
176.69390189520627,0.2548350299800132,0.08877958077065078,0.9852545950406304,18.8561,40.80597777777778,150.68342222222222
172.9817614269788,0.2725532093136826,0.12426417141503912,0.9868527170424523,16.07588888888889,36.433366666666664,146.14296666666667
170.01749163879597,0.18124574761811724,0.015137212665712853,0.9797359489365527,20.78042222222222,41.36021111111111,166.69025555555555
129.70994425863992,0.3602734214787747,0.13305787383030923,0.9915863332452649,24.013455555555556,75.39998888888888,168.8752
184.56437012263098,0.27059603654527775,0.022020873871571103,0.9783497726013328,30.259933333333333,90.33951111111111,195.44984444444444
182.70375696767002,0.32466195530261016,0.0904254324604426,0.9868152283816634,26.570344444444444,81.6635888888889,175.55596666666668
184.3399554069119,0.26723291706873503,0.02177469720074796,0.9783798252016873,30.29102222222222,90.26576666666666,195.40023333333335
105.51806020066887,0.33992043922796733,0.13163893406537608,0.9912856425048434,19.86608888888889,109.17415555555556,153.1915
226.95348940914158,0.23128172367094146,0.02966559268710763,0.9745466585794199,22.180377777777778,119.3446,171.74921111111112
280.6454403567447,0.19352129154346578,0.01725937582798278,0.9616108256184724,21.7465,117.71672222222222,177.5686888888889
280.4134671125976,0.19406732178866942,0.017276778960372257,0.9616501582986039,21.565955555555554,117.73398888888889,177.59093333333334
279.4961315496098,0.193318475359973,0.017216982154149667,0.9617783169049317,21.699944444444444,117.37897777777778,177.57776666666666
396.2407246376811,0.27950882612737704,0.028193347353046457,0.8108229481054824,150.44333333333333,121.84917777777778,178.61326666666668
160.5365105908584,0.40549414527078015,0.137596994707469,0.9700661165235271,129.7092888888889,110.56753333333333,150.40343333333334
174.50866220735787,0.4142770905731783,0.121601810050485,0.9656692719721756,131.8657888888889,111.96935555555555,153.7692
398.7544927536232,0.2808927947575505,0.028258974075520978,0.8096845094325447,150.6149111111111,121.85503333333334,178.5926888888889
61.61160535117056,0.2523813346453954,0.024631050576473183,0.9832845333252203,14.207433333333332,115.69817777777777,181.25542222222222
68.77714604236341,0.29264636196733285,0.05678697341324686,0.9887542793049553,14.027744444444444,116.48077777777777,168.86944444444444
61.91583054626534,0.2524870452665363,0.024141959508579554,0.9832074433440445,14.075266666666666,115.72536666666667,181.26476666666667
70.22651059085841,0.3225418175587124,0.10833533968822745,0.990862734110764,13.05348888888889,111.35865555555556,159.8938
43.54209587513935,0.3398904417631155,0.032826908064096945,0.9873668658896393,53.85878888888889,55.88956666666667,152.05872222222223
73.10216276477145,0.3545883311042257,0.03431975487504039,0.9826906965788924,52.96893333333333,60.44537777777778,146.91778888888888
70.82711259754738,0.39273178059750236,0.06442554231276335,0.9878927896037714,49.64617777777778,59.60022222222222,137.84756666666667
44.04468227424749,0.3358618285062075,0.03256331061115044,0.9872126777488944,53.81924444444444,55.76011111111111,152.0021111111111
173.45658862876252,0.17187140502996065,0.018390646840088093,0.9621120159315395,19.172155555555555,90.35426666666666,191.14644444444446
173.48065774804903,0.17243092994679743,0.018452378920595678,0.9621410385851925,19.116677777777777,90.2435111111111,191.17856666666665
173.65370122630995,0.17228740713035068,0.01795535375232612,0.9620847264942742,19.1606,90.30782222222223,191.15094444444443
149.32120401337792,0.28310318853699296,0.11824593463532208,0.9870077616170354,18.99847777777778,83.21954444444444,167.74884444444444
165.90503901895204,0.25439329884229145,0.08525806207247526,0.9835068438505264,19.827144444444443,86.63187777777777,172.96633333333332
40.808294314381264,0.3525372794053655,0.030762984477389305,0.9833798883582661,34.42556666666667,58.749988888888886,163.40383333333332
40.72063545150501,0.3519715385616242,0.030740920927011063,0.9833968934000055,34.222611111111114,58.9062,163.4062111111111
74.16758082497212,0.3757680339478401,0.09140066865863312,0.9879232160990402,26.52138888888889,62.4731,140.96495555555555
80.84467112597547,0.34740437307397,0.02991612363643016,0.9696963665269748,34.576433333333334,60.02102222222222,161.86187777777778
126.70486064659978,0.3033919813079222,0.1324698715182155,0.9841877770182968,16.37962222222222,110.18996666666666,123.60624444444444
159.69315496098105,0.2120376850211907,0.01715440696354907,0.9689880331562487,16.986155555555555,119.98486666666666,145.85783333333333
144.38014492753624,0.21715276336116926,0.018415263270741833,0.974627550393225,17.8798,122.70202222222223,141.65107777777777
159.96840579710147,0.21174277897899757,0.017152715168670687,0.9689604337705597,17.022544444444446,120.02303333333333,145.83346666666668
53.644269788182825,0.4396549548997252,0.1275246201962716,0.9901459120514704,17.884033333333335,123.37777777777778,125.08493333333334
20.245741360089184,0.3533479487399466,0.0296565011286559,0.9898783600240563,20.188333333333333,129.78996666666666,148.80034444444445
20.371471571906355,0.3502217416085521,0.029529691406972283,0.9898157312288708,20.499444444444446,129.7563,148.8067
53.727324414715724,0.37192390534000286,0.038694475822230505,0.983068692911054,20.17261111111111,131.28703333333334,141.17105555555557
46.93306577480491,0.4963199723884659,0.05703364277985536,0.9871006312923013,26.330355555555556,152.20244444444444,178.9213
7.667725752508362,0.47402607196708346,0.04667943909144838,0.9935601262813055,28.24577777777778,151.04236666666668,190.3164
7.474804905239687,0.4727171301578802,0.04656934404951693,0.9937248801899996,28.0429,151.0919888888889,190.3561777777778
44.005117056856186,0.515506976497555,0.12527723891536277,0.9934091010269418,22.4787,147.39561111111112,163.98793333333333
43.99005574136008,0.32967333846316066,0.024110569470335838,0.9900430963987366,83.88898888888889,51.87861111111111,180.29555555555555
43.93345596432553,0.33200412702707444,0.024280812328914034,0.9900548315535045,83.87612222222222,51.841277777777776,180.26983333333334
60.170635451505014,0.4146656433037077,0.12716271993500147,0.9948353958991206,73.0212,53.993855555555555,153.6964
43.7536231884058,0.33335334084655,0.02425236051015551,0.9900946020512741,83.16657777777777,51.78236666666667,180.2214
94.68408026755851,0.3386023876669745,0.025810830790413956,0.9836981659480315,83.79412222222223,55.995844444444444,175.61072222222222
21.48561872909699,0.5033175681610921,0.04330519825949422,0.997185549877931,54.24415555555556,139.03384444444444,206.59716666666668
21.432842809364548,0.5018705007453356,0.042661888010584396,0.997192932362595,54.68416666666667,139.04436666666666,206.6151888888889
35.927268673355634,0.5089617168845171,0.1184767194817737,0.996878927769001,48.154555555555554,121.35411111111111,171.5796777777778
21.267636566332214,0.5014743760440391,0.04287971939657991,0.9972138192291675,54.939277777777775,138.9934111111111,206.60525555555554
25.085964325529545,0.5306669893073132,0.05116012601020461,0.9973808262880407,52.630722222222225,135.2718,192.04953333333333
20.10596432552954,0.42573607928527296,0.03831323499418815,0.9943894213749954,55.498844444444444,142.96126666666666,175.33301111111112
20.105774804905238,0.4253323352189089,0.03779391150941578,0.99438981218476,55.15813333333333,142.91626666666667,175.38176666666666
55.30726867335563,0.4462213187774546,0.08291829435302146,0.9906808115966446,46.374266666666664,132.2588888888889,157.89104444444445
57.5525641025641,0.43689967384238443,0.060798555654311,0.9895002525111135,48.88975555555555,137.00455555555556,161.58662222222222
20.103099219620958,0.4259180360122256,0.0379297482085574,0.9943901298508159,55.831,142.97597777777779,175.38351111111112
18.870100334448164,0.47107274089659856,0.042108477797436455,0.9975417359499283,59.17688888888889,142.77485555555555,184.0704
28.364916387959862,0.4969377216046967,0.12229607833782767,0.9973926814122648,50.88292222222222,123.46584444444444,153.3856888888889
18.98752508361204,0.47351075739574533,0.04258045829908252,0.9975251522046994,58.7739,142.68025555555556,184.04842222222223
37.53847268673356,0.4875615649420278,0.06877178532176834,0.9960966403635053,56.14908888888889,135.1013,166.35285555555555
32.75508361204013,0.37880962879944124,0.03433532859414666,0.9870235967311544,37.03163333333333,58.58946666666667,158.70134444444443
32.09522853957636,0.3788958359125463,0.03448810429304595,0.9872811076439335,36.9324,58.6294,158.68674444444446
76.32814938684506,0.3844944397660482,0.0649802585567753,0.9854749560946676,31.614266666666666,63.341255555555556,141.90823333333333
75.67459308807135,0.3882078701102145,0.08238483638407662,0.9867968083353489,31.6002,60.5126,140.12422222222222
56.8173132664437,0.5474891802360532,0.1373414519255384,0.991821448383623,17.88428888888889,73.51506666666667,134.62444444444444
8.81778149386845,0.5183963157837382,0.04264423454320019,0.9952834360834594,19.199055555555557,79.02206666666666,163.36517777777777
68.70401337792642,0.5194260135365415,0.04582388149503374,0.980175591646874,20.0228,81.9425,155.48764444444444
8.62303232998885,0.5224236065672729,0.04277757145782133,0.9953832263032121,19.665744444444446,79.10055555555556,163.40287777777777
52.12833890746933,0.2727902624840571,0.02084374355402003,0.9898450668822565,29.8935,134.4742,109.7759
61.01676700111482,0.30899121748484215,0.03917783625260134,0.9891665180926752,29.872977777777777,135.60803333333334,105.35652222222222
53.97841694537347,0.3681903786843723,0.13293568618082005,0.9916362092425793,26.695455555555554,126.25656666666667,95.44724444444445
52.012742474916394,0.27393822688679703,0.02089488954120122,0.9898678688789709,30.167922222222224,134.33416666666668,109.80773333333333
108.07855072463765,0.25851944229278456,0.02380115868585958,0.9784332781871079,15.265266666666667,97.93092222222222,160.13115555555555
143.07589743589742,0.3156387567001552,0.07150469864658689,0.9818281866829838,16.155355555555555,98.94854444444445,143.16385555555556
108.79055741360088,0.2611257238812615,0.02385660403858922,0.9782942866390045,15.871488888888889,97.86646666666667,160.09384444444444
142.49270903010034,0.34073674941919363,0.12870384339195404,0.984531222889928,15.43688888888889,94.77467777777778,133.41261111111112
127.07707915273133,0.3034697342879401,0.08906106225658787,0.9901860947269626,37.44071111111111,43.706966666666666,162.5996888888889
70.30491638795986,0.2362100006984711,0.018270703327738377,0.9919066604110577,41.30504444444444,45.4072,175.2463
70.46220735785953,0.23662357249061683,0.018235225165855535,0.9918838533826919,41.764244444444444,45.2691,175.2088222222222
112.88340022296543,0.31900998906196537,0.11412788644157687,0.9916260705504425,37.171844444444446,43.106677777777776,160.91677777777778
60.55211817168339,0.36190862554831693,0.045998699133724494,0.9920414717950508,103.86285555555556,136.6744888888889,196.74362222222223
60.129375696767,0.36030024639343805,0.04549332256206445,0.9920979243867506,104.14182222222222,136.60798888888888,196.754
60.19375696767001,0.3604560709231682,0.04520829118880595,0.9920911848765191,104.08801111111111,136.69782222222221,196.74362222222223
84.65962095875139,0.4330084274093409,0.03840386107188704,0.973838719394555,22.39667777777778,73.01826666666666,134.45605555555557
80.10957636566332,0.2881565514991643,0.07198431084009009,0.9863156703419843,35.571466666666666,138.53873333333334,149.43692222222222
18.313121516164994,0.3920860372773812,0.03580039179161201,0.994287824637734,22.56842222222222,72.45224444444445,134.7816222222222
57.434972129319945,0.2316923213291891,0.020197786259386338,0.9831371361636032,41.1168,138.81513333333334,161.6114
18.304470457079155,0.3921578221206675,0.03588113910252077,0.9942901386510706,22.28001111111111,72.60913333333333,134.83954444444444
65.3989409141583,0.3231612922490728,0.09964065403958092,0.9896049310027002,34.77068888888889,130.21217777777778,142.8352
5.790401337792643,0.5959353240879841,0.05896935995317989,0.9972323565675996,45.589444444444446,80.40788888888889,158.01745555555556
136.78861761426978,0.19023562851650394,0.016104220127023713,0.9851857375758779,74.76804444444444,88.23957777777778,108.37561111111111
5.8335674470457075,0.5961316288572692,0.05876294471600652,0.9972124312835612,45.2715,80.38544444444445,158.01312222222222
136.35109253065772,0.18886355035603694,0.016085979183381165,0.9852268921946494,74.00435555555555,87.41172222222222,108.33426666666666
137.15537346711258,0.18742766406616207,0.015837278939499343,0.9851402453488165,74.86448888888889,88.36726666666667,108.34532222222222
75.36246376811594,0.24595091023524113,0.018825677020187344,0.9918616433103645,73.81603333333334,88.34668888888889,108.15146666666666
32.325228539576365,0.5920080065158416,0.058035146971351634,0.9872896531260068,45.70596666666667,82.45125555555556,155.306
30.21896321070234,0.6204144588938404,0.09652815837991754,0.9945347313719864,41.99366666666667,80.02128888888889,140.13598888888887
5.8276588628762545,0.5915892014605608,0.057827454951741825,0.9972145764009602,45.407133333333334,80.30622222222222,158.00774444444446
136.35109253065772,0.18886355035603694,0.016085979183381165,0.9852268921946494,74.00435555555555,87.41172222222222,108.33426666666666
79.341884057971,0.2495479988262756,0.024656510004329966,0.9835052373119535,58.89075555555556,141.33314444444446,163.06174444444446
39.337279821627654,0.49257397065749625,0.16202246259363232,0.9972121754310197,66.58715555555555,52.098933333333335,96.29496666666667
50.60078037904125,0.2689276264760416,0.02730118382215864,0.9893674419241145,58.77254444444444,141.71026666666666,163.75134444444444
82.66265328874023,0.26166534835139654,0.02572745599836367,0.9829596847660407,58.04501111111111,141.58826666666667,162.40254444444443
50.66608695652174,0.26634678173106735,0.027476174469586064,0.989352035776442,58.32547777777778,141.74655555555555,163.79145555555556
57.91258639910812,0.3579207871359824,0.03734644253551468,0.9960130745945529,75.31362222222222,58.28183333333333,115.1141
50.82730211817168,0.27083808883152144,0.028351015800437186,0.9893164110291252,58.563066666666664,141.6352,163.79446666666666
123.19730211817169,0.3777300749503983,0.044158985865076196,0.9915651625570018,75.37803333333333,59.688833333333335,112.93463333333334
64.4280713489409,0.2981059952601079,0.02176778404917189,0.9874818607432578,61.74988888888889,42.914722222222224,150.16214444444444
71.36846153846153,0.33308842306871067,0.08348671171933325,0.9911598197620799,53.25041111111111,45.40931111111111,130.51277777777779
64.61342251950948,0.296417399209276,0.02173367567273586,0.9874533414518029,61.25077777777778,42.91844444444445,150.1647
90.97507246376811,0.3102967451045748,0.022282321271963577,0.9836602718265057,61.291044444444445,45.2209,147.22767777777779
9.279319955406914,0.47926636069183753,0.038811506205293465,0.9965796900018198,24.7724,161.27894444444445,171.87063333333333
9.278283166109254,0.4792636490342569,0.03855034421472313,0.9965799739480818,24.55303333333333,161.15106666666668,171.88881111111112
18.808182831661092,0.4839857966474522,0.03863194360965937,0.9969701980923642,39.42212222222222,64.11168888888889,187.77684444444444
18.407380156075806,0.4828981992605538,0.038846647748737306,0.9970354670922622,39.48444444444444,64.19498888888889,187.77973333333333
18.70200668896321,0.4842120151286524,0.03888239362134328,0.9969883673848292,39.38055555555555,64.2962111111111,187.82046666666668
14.815373467112597,0.48988045030348926,0.07545078024378396,0.9924248279058993,25.54768888888889,119.19728888888889,245.98992222222222
14.810624303233,0.48787546409355254,0.07571128175973924,0.9924292302914426,25.49116666666667,119.21241111111111,246.0305888888889
31.4444370122631,0.3930793550442549,0.04892386499825027,0.9947421722933655,68.6282,167.4954111111111,103.02025555555555
31.448573021181712,0.39158672203536915,0.04858163109625649,0.9947420721379353,68.86356666666667,167.5274777777778,103.02307777777777
31.29771460423634,0.3931008709162317,0.04878090406914228,0.9947657397243289,68.30676666666666,167.43473333333333,103.00292222222222
252.7906911928651,0.23258742100222146,0.08925291468955165,0.973441380811469,24.17338888888889,119.96066666666667,174.33804444444445
66.36596432552955,0.3196016534152753,0.020513891385454536,0.9893666223362975,78.88,98.79696666666666,137.80936666666668
66.661248606466,0.3179861313449807,0.020379093086785694,0.9893177750173843,78.95991111111111,98.69633333333333,137.7976111111111
65.97202898550725,0.3165462329322916,0.0202767853332302,0.9894279143037434,78.84198888888889,98.7439888888889,137.86343333333335
78.2072463768116,0.2659304350799905,0.02712800111964937,0.9916620052981715,42.70226666666667,138.2635,159.04853333333332
77.74186176142697,0.26756841060988407,0.027709537497930616,0.9917091516864409,42.9668,137.0543,159.00067777777778
110.90914158305462,0.352838053391476,0.12093731064694256,0.9900970458393039,38.279577777777774,124.80342222222222,138.81636666666665
78.10882943143814,0.26507152241920345,0.027449283648134263,0.9916713441866799,43.07651111111111,136.9197,159.0512
103.51479375696765,0.35910586965349744,0.12864326955043118,0.9907652545440615,37.42451111111111,125.77106666666667,136.9204777777778
39.31344481605351,0.39211662273830783,0.11531211510586238,0.993085197605601,16.917377777777777,158.9763,131.63776666666666
51.58863991081382,0.3360593320530556,0.024002995988783343,0.9879573176606936,17.875055555555555,175.38528888888888,142.2896
51.23726867335562,0.33489976169575514,0.02396130136475547,0.9880408512242079,17.306033333333332,175.22197777777777,142.22483333333332
51.70697881828317,0.33336578229288427,0.023644165621995176,0.9879300666455928,17.401166666666665,175.3499111111111,142.18614444444444
23.265172798216273,0.4288112764293933,0.030297900290898263,0.9944524028321823,37.79478888888889,115.82002222222222,188.15404444444445
22.746109253065775,0.43159663371429635,0.03026048891816868,0.9945745577136793,37.875,115.69193333333334,188.08345555555556
73.78016722408027,0.4392417419584639,0.0963555021115423,0.9926535486463585,35.06817777777778,106.7808,165.14227777777776
71.62540691192865,0.44051715543986086,0.03162694627342613,0.9879553931545797,38.442055555555555,118.8297,181.36454444444445
257.8254403567447,0.1567305159939086,0.016680137954575475,0.9428335821179088,132.84297777777778,107.81655555555555,96.62908888888889
238.65181716833894,0.26593992950192574,0.11144278381671495,0.951999776314369,116.66842222222222,101.83204444444445,81.13988888888889
394.32984392419166,0.13419033048607087,0.01516827188331339,0.9165126057030537,133.28152222222224,107.72396666666667,98.63315555555556
389.82491638795983,0.13337362591799062,0.015127149414910368,0.9174771860317104,132.81835555555554,107.5717,98.57357777777777
150.73682274247494,0.1798123353372158,0.015772486445789935,0.9733031803886456,49.66688888888889,42.1055,184.06775555555555
134.63833890746935,0.16762675459059356,0.01520764467495364,0.9749074227518935,49.99883333333333,40.86193333333333,185.40762222222222
135.04133779264214,0.16739784883669764,0.015159946868083848,0.9748424813156373,50.485844444444446,40.91548888888889,185.4210888888889
149.30701226309918,0.248145772188612,0.08192460935050418,0.9858921993005952,50.22145555555556,40.115811111111114,168.37855555555555
134.97122630992195,0.1952004438318321,0.029265920213574968,0.9797938265261574,36.73385555555556,120.41902222222222,135.83743333333334
116.5740133779264,0.2822147614948516,0.12229039480114132,0.9865704466910585,33.392855555555556,112.18553333333334,124.9414
190.86249721293203,0.15074477319485305,0.012758852741236028,0.9664010888498945,36.892944444444446,120.29218888888889,141.38865555555554
192.22381270903008,0.15189624240186184,0.012827139482695227,0.9661552492985424,36.79847777777778,120.13874444444444,141.41167777777778
72.75615384615384,0.34279902727779704,0.14636558074394151,0.9923990292304066,45.02498888888889,31.261566666666667,118.23654444444445
67.05936454849498,0.23023837664330404,0.019516074692322048,0.9897052684954794,58.07851111111111,35.619166666666665,133.91637777777777
71.50809364548495,0.350927918152288,0.13858036826324419,0.9924905854920482,45.24646666666667,31.24538888888889,118.69126666666666
67.28115942028987,0.2322143764308736,0.019486106404563892,0.9896744904359349,57.48927777777778,35.3923,133.85983333333334
75.00153846153846,0.34355993208295116,0.029028809520798986,0.9833541317584948,30.482277777777778,71.52277777777778,206.61123333333333
74.58977703455963,0.3440227275632587,0.02894207147696391,0.9834457879873367,30.040422222222222,71.61668888888889,206.6198777777778
84.51064659977705,0.45605878842271896,0.13886608908707407,0.9934044554784766,21.164177777777777,70.55623333333334,181.40703333333335
96.32311036789298,0.42453179780885614,0.08987118310802644,0.990461969299583,24.34451111111111,71.67966666666666,190.3215
31.491204013377924,0.5370187310525537,0.043802665924071685,0.9902855930078875,87.14113333333333,95.35331111111111,128.75954444444446
64.2013154960981,0.5316765409327988,0.1264760700256347,0.9882787370337089,73.75632222222222,89.8395,108.5424
31.31830546265328,0.5389555069667112,0.04396382804399424,0.9903459723669076,87.0426,95.2192,128.68534444444444
56.76503901895206,0.5599313329235635,0.11450615708886631,0.9891513708028332,75.2723,91.10121111111111,110.23421111111111
48.40217391304347,0.4524913479979386,0.03334781734737797,0.9927494521084372,73.57166666666667,111.35756666666667,150.62135555555557
65.49333333333333,0.45450995460160937,0.033439055616888834,0.9904138886584386,73.03577777777778,113.34484444444445,148.0919
93.9247714604236,0.47211678710536426,0.07451554344827375,0.9884614837021147,69.31751111111112,109.59847777777777,135.31625555555556
48.45729096989965,0.4556379990579528,0.03345344463201329,0.9927436488983707,72.57942222222222,111.23334444444444,150.57883333333334
48.34429208472685,0.4584949304730334,0.03384140099233186,0.9927550108194453,71.85824444444444,111.24096666666667,150.5982
54.18311036789297,0.345107165754538,0.027524594826636693,0.9933766726976399,28.496422222222222,89.22282222222222,148.74151111111112
54.40284280936456,0.3459583066785147,0.027586586639051745,0.9933494598428407,30.04131111111111,89.07743333333333,148.75016666666667
52.53284280936455,0.4204539322208344,0.14018239020322368,0.995466398053905,25.72247777777778,73.93178888888889,129.31843333333333
77.30282051282049,0.37508343977697906,0.0673872833808766,0.9923570377463989,27.06308888888889,83.31367777777778,137.66063333333332
54.17182831661093,0.3477968250722046,0.027920793296651453,0.9933807513180044,27.76988888888889,88.94776666666667,148.7444888888889
10.54458193979933,0.5458610818624866,0.03818971448840835,0.9982857494533556,18.466666666666665,90.52096666666667,196.37841111111112
20.48536231884058,0.5429613558486366,0.04564353148267205,0.9975447198096579,18.04467777777778,93.50083333333333,187.7919
18.479085841694538,0.5404844999058952,0.03768774638488489,0.9973689450037609,17.1242,93.43087777777778,192.7015
10.737235228539573,0.5435241016157912,0.037859175590830886,0.9982551304288763,18.1563,90.578,196.33545555555557
45.81333333333333,0.497030360853289,0.1092190573988901,0.994391484989879,26.8878,120.13434444444445,181.41586666666666
11.932731326644369,0.4943829533743344,0.0358483490738892,0.9962181550028628,29.736744444444444,124.33363333333334,204.99405555555555
43.72551839464884,0.48902555808950454,0.12748611913154134,0.9949533617104912,26.230611111111113,117.95025555555556,177.99658888888888
11.911683389074694,0.4942144432397115,0.035874550409397896,0.9962254978234174,29.748622222222224,124.35161111111111,205.01585555555556
29.742976588628757,0.4691804594475584,0.051864156620568556,0.9959340798363807,32.29998888888889,71.19394444444444,187.74042222222224
29.72761426978818,0.4690993381144486,0.05087587436208078,0.9959352658977043,32.9935,71.2924,187.70154444444444
62.682263099219625,0.46874188514479764,0.1387095715819116,0.9953961652808236,23.67878888888889,69.01518888888889,165.91448888888888
49.6723745819398,0.5029948427466403,0.10550555421481057,0.9959140048400252,26.3427,71.53175555555555,171.02964444444444
29.618595317725745,0.4697390169528944,0.05182038643905931,0.9959502530364076,33.25588888888889,71.33636666666666,187.7651111111111
73.71558528428095,0.2958137199191481,0.020887243403492187,0.9846315687211858,49.25683333333333,70.9461,167.18517777777777
98.2816276477146,0.3040160985139416,0.02121947142823367,0.9823098267144236,49.777677777777775,74.2560111111111,163.61393333333334
73.37716833890747,0.2960960604472704,0.020918527127939554,0.9847127844775629,50.842822222222225,71.16571111111111,167.1917
92.66076923076925,0.34492085221559204,0.08002609033004207,0.9891849831475428,45.53554444444445,70.46916666666667,150.5317777777778
70.6000668896321,0.3511230191429721,0.030037086198636893,0.9950733438939697,53.20204444444445,89.10503333333334,142.16052222222223
77.32877369007804,0.4166051672776484,0.09571540289212307,0.9951723998249301,46.2609,78.20852222222223,130.71182222222222
70.86940914158305,0.3528404282580914,0.030139875552143154,0.9950535200038754,53.57928888888889,88.89442222222222,142.1065
77.29200668896321,0.42488116869799086,0.10898553347491872,0.9952301051042644,45.66523333333333,75.65236666666667,129.65283333333332
126.59079152731324,0.25615901292973253,0.03665672542612548,0.9766635387630536,104.6438888888889,69.50023333333333,144.91598888888888
186.94974358974358,0.1446558922298895,0.014359091207623333,0.944156389750059,72.51753333333333,76.40118888888888,156.79276666666667
188.06733556298775,0.14619314825550467,0.014357080845535861,0.9438407820068286,72.59922222222222,76.17186666666667,156.7607
186.5820066889632,0.14493101138131825,0.014364123452712794,0.9442055411187427,72.25408888888889,76.22195555555555,156.7542222222222
169.36251950947602,0.21714774886943303,0.02063349850757285,0.9566680205617704,109.75336666666666,66.8799,153.1522
170.80268673355627,0.21502264497727888,0.020466027708759823,0.9563109921890128,109.52773333333333,66.7874,153.14136666666667
125.4911928651059,0.2783620285907088,0.062306300004809766,0.9802723890806343,101.89354444444444,68.94645555555556,140.4041222222222
169.4215719063545,0.2142519400948462,0.020506524408188773,0.9566736767565182,109.87526666666666,66.68181111111112,153.0890222222222
125.90065774804906,0.23927169761059658,0.06822775081712511,0.9789991247531421,64.61877777777778,77.9798888888889,142.02446666666665
142.26591973244146,0.17555692480934965,0.01667698774023335,0.9636537994483582,71.62294444444444,79.79922222222223,153.24717777777778
38.22133779264214,0.6046730287294072,0.12983184306466544,0.9964647563514047,71.55501111111111,85.80872222222222,167.4602888888889
23.95437012263099,0.5295727730170215,0.037427012290978175,0.9963950975579149,82.07752222222223,92.26033333333334,189.37457777777777
44.70509476031215,0.590749566171962,0.12343292242986116,0.9958252931034357,71.18143333333333,87.60416666666667,168.73603333333332
23.926042363433666,0.5336606864640384,0.03760797399002493,0.9963982251066046,83.4626,92.06552222222223,189.37058888888888
41.11441471571907,0.42665861863300253,0.04029784377258255,0.9937721375610893,57.83941111111111,43.78964444444444,152.3371111111111
54.36746934225195,0.4775665462154561,0.1347773159288437,0.9941572201411408,52.671055555555554,36.74704444444444,141.09885555555556
18.468818283166108,0.39391067765426147,0.030291292168396048,0.996514582433964,60.850411111111114,43.596555555555554,157.43051111111112
18.575473801560754,0.3922395862073342,0.030237414440176337,0.9964925287177155,62.1267,43.519866666666665,157.41564444444444
9.298305462653289,0.6190578275333111,0.06338648020646345,0.9979646112058529,40.41868888888889,52.314255555555555,175.69977777777777
53.95352285395762,0.6465391191174307,0.1055256360657955,0.9937610035933644,36.080333333333336,51.6601,162.20425555555556
58.031393534002234,0.6661261000478355,0.10247649820057506,0.9931034019787326,37.64595555555555,50.3315,162.8656222222222
89.89835005574136,0.5754264770762998,0.14342568349542403,0.9936923846044949,74.88356666666667,45.04161111111111,141.71926666666667
70.83898550724638,0.4810683030679545,0.04036766283692865,0.9921750483435546,89.07056666666666,49.71845555555556,164.19634444444443
71.13049052396877,0.48046095361437857,0.04090381598875138,0.9921429780533438,88.95372222222223,49.94338888888889,164.23073333333335
70.83898550724638,0.4810683030679545,0.04036766283692865,0.9921750483435546,89.07056666666666,49.71845555555556,164.19634444444443
71.27147157190636,0.48078138983899144,0.04112553803250125,0.9921292985389026,89.52133333333333,49.846088888888886,164.21352222222222
95.42276477146042,0.3337478196960277,0.11863353904175403,0.9910859590072013,64.66141111111111,38.74256666666667,162.6586
90.49304347826087,0.3570679440985983,0.13492544482084623,0.9923019907514209,61.782288888888885,39.70415555555556,159.27492222222222
73.53425863991082,0.237363764901475,0.021750995818576025,0.9853882735451,73.50046666666667,42.0674,180.70394444444443
73.10727982162764,0.24032722272184232,0.02186053201259186,0.9854731834360799,73.3514,42.223755555555556,180.74713333333332
74.09948717948718,0.2372923020336329,0.021636252870959806,0.9852840885353586,73.69904444444444,42.16568888888889,180.71806666666666
272.12745819398,0.24253841867391546,0.017544212103471252,0.9572521165423495,92.62037777777778,45.92765555555555,167.88695555555555
272.2834225195095,0.2423113886150266,0.017530912082775584,0.9572313604516134,92.87,45.89555555555555,167.93453333333332
228.21630992196202,0.3304429695096716,0.09356080174624247,0.9783073086434971,84.82608888888889,43.13382222222222,149.5508888888889
179.3483723522854,0.37173413619339474,0.1371762466225657,0.9848921164763192,81.95886666666667,40.36584444444444,144.12254444444446
272.07887402452616,0.2423835197751084,0.0174968799723122,0.957264820029114,92.26182222222222,45.8109,167.83072222222222
55.292965440356745,0.5459251255036416,0.049651384256269464,0.9952961352600795,94.41321111111111,111.95437777777778,133.1520888888889
47.41878483835006,0.5235938535912212,0.042112296151919144,0.9957449365787794,97.20081111111111,110.78235555555555,136.80454444444445
67.87091415830545,0.5867601105990523,0.11434879993985626,0.9947560004449998,86.6318888888889,105.165,126.71463333333334
47.83002229654403,0.5216559226569271,0.04193114756336074,0.9957073366459176,97.7919,110.75046666666667,136.81074444444445
223.0875250836121,0.28239503555937784,0.13092564594243974,0.9625792842305779,76.15132222222222,44.25754444444444,98.73268888888889
381.65121516164993,0.18295463336589443,0.027256861650761723,0.9133981871930685,90.82853333333334,54.96435555555556,109.03565555555555
306.7891192865105,0.1921818074265249,0.024266318502433416,0.9320976945928662,88.75051111111111,56.63424444444444,106.97191111111111
51.294236343366784,0.5749873747895377,0.05194667890750051,0.9917397517430634,55.91945555555556,56.70308888888889,162.45795555555554
16.363946488294317,0.539706968324187,0.044887530564533755,0.996487831291913,58.96554444444445,54.984144444444446,169.53205555555556
48.81743589743589,0.5556762252501058,0.046007440306522165,0.990827332317021,57.88735555555556,57.33593333333334,166.35403333333332
159.24882943143814,0.17487152169537654,0.013014868718270971,0.9812034624807944,62.300266666666666,62.285666666666664,147.78464444444444
120.09778149386844,0.277469217991483,0.12825315759735276,0.9898358395345012,48.81283333333333,60.50597777777778,132.91224444444444
158.08829431438127,0.17641899435740116,0.013032926012006937,0.9813296018380926,62.26487777777778,62.364977777777774,147.75224444444444
142.7251839464883,0.24916278872836917,0.0889736958166263,0.9870498607968997,52.246433333333336,62.31861111111111,136.56676666666667
131.02771460423634,0.21308837350834542,0.01867381153871977,0.9567765701198054,46.81317777777778,86.68071111111111,145.5685
85.09250836120403,0.3116228217920525,0.09845327063313497,0.9843082215206733,40.91784444444444,86.34477777777778,129.32586666666666
130.98739130434782,0.2149558233764162,0.01869763974466809,0.9568157378231019,46.91751111111111,86.50467777777777,145.61255555555556
92.70055741360086,0.31124296421953973,0.08635450533536726,0.9819507433214423,40.25067777777778,84.688,131.3391
130.81571906354515,0.21442887073461944,0.018662791733936892,0.9568854904047386,46.67293333333333,86.65345555555555,145.60332222222223
128.3954960981048,0.30013422675618356,0.06445771424902436,0.9808153964857581,51.42474444444444,75.56541111111112,131.97171111111112
140.03897435897434,0.24637124849478062,0.018342492186403728,0.9726679734646965,58.03122222222222,75.83618888888888,142.02034444444445
140.03897435897434,0.24637124849478062,0.018342492186403728,0.9726679734646965,58.03122222222222,75.83618888888888,142.02034444444445
140.07014492753626,0.24730625347763352,0.01837290529360057,0.972675515737087,58.58771111111111,75.8017888888889,142.04333333333332
43.950367892976594,0.5146565134276602,0.25642358915459995,0.9930837436366955,23.56727777777778,68.95997777777778,217.81416666666667
121.45877369007803,0.48886828480568134,0.18172664000187722,0.9920430792857455,22.189522222222223,72.96663333333333,177.1844888888889
43.956465997770344,0.5139187421492574,0.25441142668643557,0.9930801809762154,23.331266666666668,68.97494444444445,217.7633
44.01120401337793,0.5157682592671189,0.25651128153773234,0.993073683086027,22.23293333333333,68.93483333333333,217.79975555555555
129.84517279821625,0.49848690615421853,0.1986197879394117,0.9882802553149523,23.009422222222224,70.61104444444445,199.47065555555557
131.3480602006689,0.3224050622630711,0.1467553800736755,0.9838125024522126,76.38363333333334,23.65552222222222,88.28391111111111
193.69065774804903,0.26321702152992044,0.06324260204244572,0.9733540515785958,85.1498888888889,29.537855555555556,93.92348888888888
244.43064659977705,0.23424924739751393,0.022400672403909142,0.9625750853310486,91.97583333333333,29.41041111111111,97.68542222222223
245.07733556298768,0.23369967272076164,0.02223526137790664,0.9624803297440541,92.00917777777778,29.668388888888888,97.70602222222222
47.760523968784845,0.47595999391279387,0.03239600475596489,0.9942720430946895,101.18866666666666,56.78112222222222,128.2225
77.54653288740242,0.4862595511598912,0.03528545826591935,0.9914014992103851,97.5727111111111,62.09878888888889,124.26463333333334
47.557190635451484,0.4747334450122853,0.03226183182033399,0.9942977768809192,100.5556888888889,56.85432222222222,128.20905555555555
69.53597547380157,0.5478985567303435,0.13650877566730937,0.9936993235593095,84.28674444444444,54.39857777777778,109.41977777777778
62.126086956521746,0.39214628075292957,0.13074886339053818,0.9883909625140492,61.52872222222222,89.57864444444445,82.96948888888889
93.67186176142701,0.3272949645038491,0.03369633314295309,0.9797700216509849,76.27174444444445,96.74397777777777,91.08204444444445
52.41584169453735,0.41046748927500987,0.1452036579368765,0.990389367749534,60.5061,87.9659,82.2437
94.150624303233,0.3245121316891367,0.03343558122224541,0.9796713797924511,77.4173,97.03897777777777,91.10536666666667
45.891616499442584,0.3468265390219028,0.029101873866658114,0.9889290433529788,104.04933333333334,39.37598888888889,95.67852222222223
46.23308807134893,0.3439498189497106,0.029503475907242307,0.9888386683632039,103.08486666666667,39.04897777777778,95.6502111111111
45.96930880713488,0.34377215315695364,0.029106809253938912,0.9889111076974824,103.735,39.10102222222222,95.62681111111111
53.030824972129324,0.39783515015610516,0.07537125548129757,0.9896253981260262,96.82937777777778,38.731744444444445,88.61977777777778
49.953110367892975,0.41529372995121644,0.11025433726702967,0.9908348697588232,93.14803333333333,37.789455555555556,85.65762222222222
139.0259977703456,0.30458867242617066,0.06725603937008613,0.9826673645457621,84.99183333333333,55.3424,94.45055555555555
171.48383500557412,0.27969254045212516,0.02842047573188278,0.9767195063933134,97.08732222222223,55.95146666666667,98.10971111111111
122.11454849498327,0.33750985699182784,0.11968292158904768,0.9857033095532592,80.19613333333334,48.04783333333334,91.18812222222222
172.2455629877369,0.2800487984635197,0.028628263296299503,0.9766256113774773,97.27904444444444,55.676811111111114,98.11342222222223
72.66316610925305,0.3248466642033063,0.1311217372231675,0.992543067380615,57.98574444444444,72.61605555555556,118.43161111111111
72.9141806020067,0.333403153185989,0.1332222904793959,0.9925296288419634,57.5748,71.93375555555555,118.08482222222223
117.14589743589742,0.23516529147828585,0.01778916844407325,0.9831151538292192,72.59385555555555,73.78133333333334,133.24362222222223
117.24668896321069,0.23410600571156864,0.01772100859933312,0.9831070053988189,72.05532222222222,74.08875555555555,133.32405555555556
117.48963210702343,0.2360031548378891,0.01766356894545561,0.9830736938466598,72.39793333333333,73.9269,133.31816666666666
51.57133779264213,0.31825798419327095,0.04069119133794533,0.9909769201633042,78.4529111111111,35.50271111111111,106.37466666666667
41.12180602006689,0.31418656698366404,0.027202150380408067,0.9920432827804488,83.49352222222223,36.490677777777776,108.98547777777777
40.95615384615383,0.3127126552341699,0.027442869316301445,0.9920732080470103,83.79883333333333,36.72518888888889,109.01626666666667
48.8793088071349,0.31160335382191046,0.028032226353401295,0.9911370812299233,82.69744444444444,39.79394444444444,107.33047777777777
98.56254180602006,0.23643313803196875,0.018574479901924013,0.97932117282956,87.30883333333334,31.548566666666666,124.18118888888888
89.89449275362317,0.28370409496094695,0.0635783006296841,0.9858854765141698,79.96553333333334,33.13023333333334,116.8433
98.27340022296544,0.2379949086769778,0.01870554805044677,0.979372948585579,86.25703333333334,31.317344444444444,124.15895555555555
107.94133779264217,0.25098688166235983,0.025638488071807367,0.9802611623262255,86.47437777777778,34.721133333333334,121.33593333333333
79.93829431438128,0.37768280515640407,0.026596048222880572,0.9893258290193425,89.51248888888888,62.81044444444444,145.9465111111111
98.18272017837235,0.4321364607721662,0.08342477840812555,0.9901607459423105,80.11121111111112,63.99064444444444,133.8686
94.09926421404681,0.4536783309044029,0.11465518633942912,0.9911603571808881,77.30026666666667,62.730422222222224,130.45541111111112
79.73726867335563,0.3736099467016896,0.026297810781214844,0.989349918419998,89.65047777777778,62.79141111111111,145.90304444444445
55.10439241917503,0.32612593084196084,0.028753078261307748,0.9872929088543273,90.97732222222223,53.666266666666665,87.58183333333334
55.05091415830546,0.32233596839736045,0.028470067598522705,0.9873028435213498,90.93541111111111,53.42126666666667,87.53957777777778
49.398606465997766,0.36767563659329194,0.10103456496964634,0.9906294885186104,80.3131,49.045988888888886,81.87056666666666
54.65591973244147,0.3233865987540052,0.02854630372912906,0.987393106815537,91.82938888888889,53.51132222222222,87.5282
45.627725752508375,0.3885956625727874,0.1344806509104193,0.9917491978686139,77.3329,43.068133333333336,79.54412222222223
57.58595317725752,0.32026818039326693,0.05253014078934321,0.9897023797984724,76.52752222222222,73.03895555555556,117.91184444444444
49.98845039018951,0.36303880162383145,0.1119031478693481,0.9924105841157311,70.54077777777778,66.32992222222222,112.42877777777778
47.02410256410256,0.29176981074039765,0.023312077751283283,0.9893538648458583,79.93916666666667,71.28577777777778,123.53127777777777
46.863968784838356,0.29516778556930795,0.02354906289282898,0.9893866361313176,80.02457777777778,71.34116666666667,123.602
46.770434782608696,0.296668191508577,0.023618792347273283,0.9894082831026986,80.62846666666667,71.35744444444444,123.53488888888889
86.15916387959868,0.29193792093184023,0.052401178101062984,0.9858899362018965,70.23453333333333,72.41723333333333,107.57777777777778
55.27905239687848,0.3496159792881456,0.14288274001210735,0.9923376295784845,60.913177777777776,66.16937777777778,101.76813333333334
87.66143812709029,0.2657319874846247,0.023843680667377517,0.9835601239451616,75.16515555555556,72.50942222222223,111.64618888888889
87.62988851727984,0.2678494015131273,0.024286723602007256,0.9835671415341877,75.64207777777777,72.57857777777778,111.59357777777778
149.86429208472686,0.2755973924539914,0.10641681523469006,0.9825092202101045,66.33898888888889,69.96685555555555,136.1726888888889
159.8891861761427,0.20750852347164425,0.016801982724237014,0.9732365644467517,77.10998888888889,75.86273333333334,147.8919111111111
134.29804905239686,0.29668394722761815,0.12937546789339854,0.9854545222700357,63.31208888888889,68.6853111111111,132.83074444444443
95.0736789297659,0.3211068357300379,0.13994829475706494,0.9849692890772549,57.47023333333333,69.7629,100.99083333333333
117.86340022296545,0.2875272463151936,0.09697316612780536,0.9797166159327654,61.610822222222225,73.42351111111111,104.6449
106.844370122631,0.2346612216583375,0.020897558560778413,0.9766779083179438,72.31256666666667,76.72377777777778,112.30993333333333
106.77978818283167,0.23659353407273076,0.021006089948779116,0.9766888673845415,72.87237777777777,76.98238888888889,112.32357777777777
128.5189855072464,0.2863100737119078,0.02613212152322362,0.9793386977896086,89.6789888888889,33.9869,95.69377777777778
102.91130434782606,0.33660929233941506,0.11085247801075476,0.9858150427499562,81.01896666666667,32.227022222222224,86.59612222222222
127.87202898550723,0.2861430416527288,0.02612072488785756,0.9794462331055782,90.33296666666666,33.687666666666665,95.68406666666667
106.82700111482718,0.3282561101701468,0.09124209774054386,0.9849907598190057,83.11116666666666,33.70795555555556,87.89296666666667
68.08672240802674,0.3458538173585675,0.034956722866804166,0.9892497234794814,91.2260111111111,64.72217777777777,97.01254444444444
62.969520624303215,0.36184201484068207,0.08663824100990578,0.9910750182212124,80.94042222222222,61.84021111111111,92.98528888888889
55.625005574136,0.3811269577799143,0.12634477739606426,0.9924197855988445,76.07452222222223,57.243722222222225,91.51962222222222
67.76220735785954,0.3465547240558481,0.03450833930651537,0.9893015189299285,90.0434,64.75861111111111,96.99328888888888
67.9539353400223,0.34648463360148085,0.0337803560279932,0.9892758365436799,89.62886666666667,64.72224444444444,97.05602222222223
38.706075808249714,0.30281585227457536,0.022519436349870782,0.9908457188381071,85.42232222222222,33.746855555555555,103.40118888888888
38.61841694537347,0.304656849427599,0.022632219571200592,0.990861388769539,85.74984444444445,33.42446666666667,103.38083333333333
45.27937569676699,0.3149278699630281,0.02791394189751431,0.9902808932150624,81.71773333333333,35.99825555555555,101.13393333333333
38.46913043478261,0.3025053604720172,0.022423595649690736,0.9908962225275012,84.14053333333334,33.466166666666666,103.33443333333334
40.0919397993311,0.3849876982186741,0.12745996522942246,0.9934759290734695,68.53828888888889,30.227722222222223,93.85248888888889
50.326198439241935,0.3677682020542806,0.13806178796521706,0.9931322788519813,66.50994444444444,32.233577777777775,95.31266666666667
54.278952062430314,0.30545659667587727,0.026758555001045597,0.9902168060222827,82.7170888888889,41.96554444444445,105.34227777777778
47.586142697881826,0.37703320508499916,0.13665488676691104,0.9935853245625117,65.9608,32.346066666666665,94.78246666666666
53.94172798216276,0.3081852179876574,0.027172116111298526,0.9902764213787023,81.3886888888889,41.77952222222222,105.36885555555556
100.60964325529544,0.2495314235795828,0.022207758007256658,0.9828093532504278,72.5727888888889,89.73185555555555,103.24776666666666
85.45833890746935,0.3195904866275069,0.11032284701720067,0.9879270289760467,61.40571111111111,80.0665,93.60354444444444
99.97296544035675,0.250838506711353,0.022367259654203355,0.9829119222251727,73.10166666666667,89.89403333333334,103.24848888888889
66.63703455964325,0.3478545867181757,0.14019353350152478,0.9909553835936378,59.16667777777778,77.76851111111111,91.34051111111111
70.85149386845038,0.2684935353499479,0.021550348017606788,0.9781669056649817,69.11692222222223,81.97983333333333,120.05621111111111
75.12112597547379,0.32344909412872846,0.09344245921896835,0.98421970377984,62.00995555555556,80.45953333333334,111.21301111111111
71.04303232998885,0.2675430259046161,0.021445999872741817,0.9781226925440709,68.90614444444445,81.97253333333333,120.04925555555556
76.24308807134892,0.30740677212581313,0.06260170774128206,0.9825175430424719,64.26925555555556,82.5008111111111,113.4991
70.41714604236346,0.26589080529927445,0.02145327741562415,0.9783142086331919,68.71053333333333,82.45476666666667,120.12562222222222
133.12036789297656,0.22580932608045245,0.01725369874242777,0.9724154289758592,98.93572222222222,37.173966666666665,133.6006
133.14704570791525,0.27229149892359217,0.07934068080755208,0.9806334319133606,89.8848888888889,32.93633333333333,123.81183333333334
133.232508361204,0.22939255474562123,0.017398081319728233,0.9723897970779214,98.98257777777778,37.23768888888889,133.64256666666665
115.21788182831664,0.3083364981281478,0.14049309339109717,0.9860769649408917,83.34517777777778,28.44978888888889,117.52192222222222
89.62163879598661,0.2757815304156314,0.02300573631373055,0.9841586212551735,72.54367777777777,67.26612222222222,112.0064888888889
99.17903010033447,0.30829646155233614,0.08388057953846,0.9853196741184062,63.20408888888889,61.28457777777778,106.26236666666667
89.65953177257526,0.2749623332655381,0.02269775315192417,0.9841453579117168,72.98982222222222,67.14176666666667,112.00152222222222
76.73424749163881,0.3303710022880609,0.13434496289970502,0.9896275130929255,58.012011111111114,58.22173333333333,102.1128
72.44405797101449,0.5059285165932744,0.12405396090782038,0.9939379587737369,21.420166666666667,67.47286666666666,176.43761111111112
67.58120401337793,0.47473417814092267,0.07092570347728351,0.9927041759558668,22.493833333333335,68.99288888888888,188.71914444444445
14.245217391304346,0.4311433723473921,0.03251936806809104,0.9965493645022513,23.047,66.8903,205.85866666666666
29.609977703455964,0.5507604434444813,0.03811938515374398,0.9949534791568416,44.07993333333334,48.03097777777778,170.33993333333333
55.088550724637685,0.5748354840268608,0.06701320849791786,0.9935418762335972,41.3887,48.08681111111111,158.47575555555557
78.2029431438127,0.5774856000693337,0.13734805275590362,0.9926888082459044,38.02901111111111,47.8566,146.63756666666666
29.40253065774805,0.5497484714398819,0.03821642607443575,0.9949879323906559,43.42616666666667,48.00467777777778,170.3175222222222
29.38068004459309,0.551685834354929,0.037870483956580846,0.9949913241589767,44.18783333333333,47.922444444444444,170.32332222222223
10.341426978818282,0.5390461236994795,0.03757394389721257,0.9977676344018885,19.92621111111111,86.0846,159.27844444444443
10.288673355629879,0.5390774931109096,0.03745063827284584,0.997778891600055,19.41731111111111,86.02693333333333,159.31453333333334
43.87435897435898,0.5717909818331026,0.12433634195692227,0.994652689757329,17.836855555555555,82.42362222222222,138.82656666666668
21.5528093645485,0.553927950641001,0.04039287418639364,0.9962307421415485,19.5042,88.66727777777778,154.00625555555555
22.364225195094757,0.564933695776908,0.12048225969865979,0.9952997243574357,13.705077777777777,139.02723333333333,122.18604444444445
6.449576365663324,0.5100333257835633,0.03848640964710528,0.997677267681278,13.758533333333334,147.32046666666668,139.3649
6.487458193979933,0.5075529756234987,0.03836435381358184,0.9976630730735915,13.595344444444445,147.5083,139.32806666666667
6.4403121516165,0.5090933091728075,0.03852318746874385,0.9976786593981524,13.683633333333333,147.38403333333332,139.30296666666666
24.98083612040134,0.5478376373859054,0.08710620424815785,0.9942294516039194,14.029333333333334,142.2683111111111,126.79851111111111
81.02704570791526,0.39916518656238864,0.044096831077674564,0.9787802659351762,30.51643333333333,53.75341111111111,110.96347777777778
65.32360089186176,0.3964988641585076,0.04515009358858757,0.9818825327415157,30.7141,52.00736666666667,112.45345555555555
65.11385730211818,0.3969966242996112,0.04489638565331892,0.9819527162651082,31.210522222222224,52.07673333333334,112.4400888888889
66.22088071348941,0.4476162162140015,0.10334987701169487,0.9874266494099714,27.352977777777777,51.428222222222225,100.4313
47.87509476031215,0.5029946484323757,0.04889522999655537,0.9923568818560411,46.48813333333333,45.44376666666667,129.87921111111112
10.195406911928652,0.47776477625356695,0.035426173087037945,0.9978193974707642,48.60135555555556,42.97921111111111,136.7112111111111
10.233879598662208,0.47957337101220837,0.03572988571567969,0.9978104614547458,48.93624444444445,42.95567777777778,136.69745555555556
42.86701226309921,0.4975498072918529,0.09692094123736107,0.9943336508200936,42.37502222222222,45.69742222222222,121.98046666666667
34.24680044593088,0.4700537041650968,0.03643093508850295,0.9947819126496863,35.995844444444444,53.48883333333333,192.29773333333333
64.84200668896321,0.4997784035527068,0.05226156357490658,0.9931688523310932,34.149566666666665,57.934666666666665,182.99002222222222
34.15953177257525,0.47065319979942233,0.03662779574150548,0.9947964665810248,36.706066666666665,53.638244444444446,192.3150777777778
59.860390189520615,0.5442034344106133,0.11160793414107283,0.9953191434736327,31.728822222222224,56.93315555555556,170.9902111111111
23.097703455964325,0.547767427682664,0.038189491562501794,0.9962661543120661,56.69162222222222,43.821511111111114,151.5844888888889
23.00265328874024,0.5502867746948811,0.03819302323929169,0.9962813136847497,57.27283333333333,43.795,151.54616666666666
50.3449386845039,0.5404606016888475,0.13755919204638084,0.994685939985936,46.54518888888889,44.20482222222222,126.32245555555555
66.95303232998884,0.5382858348652886,0.0729022527980437,0.9918059524428797,52.51108888888889,48.79694444444444,137.60261111111112
53.694526198439256,0.5206183771472422,0.05486084765796208,0.9850899473834281,37.040977777777776,63.04714444444444,132.6442111111111
12.70076923076923,0.49894449136022245,0.045062750378872994,0.9944290286192472,40.061255555555555,59.519355555555556,141.5559
47.859877369007805,0.5351604382896948,0.09576690956328354,0.9893527907163135,32.5096,58.886044444444444,122.75816666666667
12.761426978818283,0.4998249740829778,0.04530561598669015,0.9943987327959477,39.25655555555556,59.360933333333335,141.50993333333332
51.94127090301003,0.5409434788357798,0.14253364534028085,0.9903430717884137,17.5765,105.47314444444444,104.03032222222222
37.08030100334448,0.4654785375904025,0.039253794790935534,0.9884079082387729,19.821255555555556,119.17145555555555,122.29487777777777
41.111761426978816,0.4686156596810678,0.03891767953223795,0.9872956386998867,20.0561,119.7363,121.50121111111112
37.559030100334446,0.46742394993126324,0.03958469929687925,0.988247191263361,19.811611111111112,118.87003333333334,122.30508888888889
37.34211817168338,0.4694282801942111,0.03934592890823184,0.9883107617413915,20.27252222222222,119.05567777777777,122.33643333333333
58.61462653288741,0.48338322957183066,0.14644158460090304,0.9948908638539019,24.185433333333332,78.16711111111111,149.63317777777777
78.10789297658862,0.4180569164516617,0.06177148677072433,0.9912723924105022,28.5691,87.71845555555555,168.33293333333333
33.70952062430323,0.37304898470941905,0.028153112991129423,0.9942050366422874,30.107155555555554,88.85437777777778,184.75976666666668
33.56629877369008,0.3746223873752303,0.028210971629765744,0.9942279413642613,30.151,88.8687,184.77674444444443
33.792463768115944,0.37300429137576124,0.028082239416256437,0.9941891594510797,30.217177777777778,88.97715555555556,184.76713333333333
45.74983277591973,0.44637288266750397,0.08363852906306454,0.9932981838019203,22.295555555555556,112.9927888888889,124.83584444444445
44.93169453734671,0.44676589683720147,0.08577183268153465,0.9934629810477618,23.332744444444444,113.55477777777777,124.29424444444444
32.143076923076926,0.3973933479360202,0.030563772050370076,0.9943138608423849,25.20578888888889,117.78592222222223,137.31345555555555
31.82036789297658,0.39729943256790323,0.030570218618986515,0.9943717001965681,24.7244,117.4751111111111,137.32755555555556
32.15726867335564,0.40014611222302626,0.030749785835493388,0.9943078538795304,24.5449,117.80514444444445,137.33697777777778
